uf,regiao,hsp_kwh_m2_dia,fonte
AC,Norte,4.6,Atlas Brasileiro de Energia Solar (INPE 2017) - media anual aproximada por UF; validar no CRESESB SunData
AL,Nordeste,5.4,Atlas Brasileiro de Energia Solar (INPE 2017) - media anual aproximada por UF; validar no CRESESB SunData
AP,Norte,4.8,Atlas Brasileiro de Energia Solar (INPE 2017) - media anual aproximada por UF; validar no CRESESB SunData
AM,Norte,4.6,Atlas Brasileiro de Energia Solar (INPE 2017) - media anual aproximada por UF; validar no CRESESB SunData
BA,Nordeste,5.6,Atlas Brasileiro de Energia Solar (INPE 2017) - media anual aproximada por UF; validar no CRESESB SunData
CE,Nordeste,5.6,Atlas Brasileiro de Energia Solar (INPE 2017) - media anual aproximada por UF; validar no CRESESB SunData
DF,Centro-Oeste,5.5,Atlas Brasileiro de Energia Solar (INPE 2017) - media anual aproximada por UF; validar no CRESESB SunData
ES,Sudeste,5.2,Atlas Brasileiro de Energia Solar (INPE 2017) - media anual aproximada por UF; validar no CRESESB SunData
GO,Centro-Oeste,5.5,Atlas Brasileiro de Energia Solar (INPE 2017) - media anual aproximada por UF; validar no CRESESB SunData
MA,Nordeste,5.3,Atlas Brasileiro de Energia Solar (INPE 2017) - media anual aproximada por UF; validar no CRESESB SunData
MT,Centro-Oeste,5.4,Atlas Brasileiro de Energia Solar (INPE 2017) - media anual aproximada por UF; validar no CRESESB SunData
MS,Centro-Oeste,5.4,Atlas Brasileiro de Energia Solar (INPE 2017) - media anual aproximada por UF; validar no CRESESB SunData
MG,Sudeste,5.4,Atlas Brasileiro de Energia Solar (INPE 2017) - media anual aproximada por UF; validar no CRESESB SunData
PA,Norte,4.9,Atlas Brasileiro de Energia Solar (INPE 2017) - media anual aproximada por UF; validar no CRESESB SunData
PB,Nordeste,5.6,Atlas Brasileiro de Energia Solar (INPE 2017) - media anual aproximada por UF; validar no CRESESB SunData
PR,Sul,4.7,Atlas Brasileiro de Energia Solar (INPE 2017) - media anual aproximada por UF; validar no CRESESB SunData
PE,Nordeste,5.5,Atlas Brasileiro de Energia Solar (INPE 2017) - media anual aproximada por UF; validar no CRESESB SunData
PI,Nordeste,5.7,Atlas Brasileiro de Energia Solar (INPE 2017) - media anual aproximada por UF; validar no CRESESB SunData
RJ,Sudeste,5.0,Atlas Brasileiro de Energia Solar (INPE 2017) - media anual aproximada por UF; validar no CRESESB SunData
RN,Nordeste,5.7,Atlas Brasileiro de Energia Solar (INPE 2017) - media anual aproximada por UF; validar no CRESESB SunData
RS,Sul,4.6,Atlas Brasileiro de Energia Solar (INPE 2017) - media anual aproximada por UF; validar no CRESESB SunData
RO,Norte,4.9,Atlas Brasileiro de Energia Solar (INPE 2017) - media anual aproximada por UF; validar no CRESESB SunData
RR,Norte,5.1,Atlas Brasileiro de Energia Solar (INPE 2017) - media anual aproximada por UF; validar no CRESESB SunData
SC,Sul,4.5,Atlas Brasileiro de Energia Solar (INPE 2017) - media anual aproximada por UF; validar no CRESESB SunData
SP,Sudeste,5.1,Atlas Brasileiro de Energia Solar (INPE 2017) - media anual aproximada por UF; validar no CRESESB SunData
SE,Nordeste,5.5,Atlas Brasileiro de Energia Solar (INPE 2017) - media anual aproximada por UF; validar no CRESESB SunData
TO,Norte,5.5,Atlas Brasileiro de Energia Solar (INPE 2017) - media anual aproximada por UF; validar no CRESESB SunData
